,simple,random,ppo,ddpg,sac,td3,tqc
count,100.0,100.0,100.0,100.0,100.0,100.0,100.0
mean,-14698.280799097989,-61597.93468848749,-70545.29081989358,-14132.952328041394,-14081.62729105681,-14081.342131557873,-20592.264175494594
std,209.90921389855072,1982.036294310385,2330.034483143903,290.0178579313661,278.70857833350374,278.3875975180375,467.78921929966026
min,-14991.408621568538,-67298.1361717001,-76773.19566229658,-14716.80131689661,-14434.98314595638,-14434.98314595638,-21336.039612568726
25%,-14928.680516289996,-62718.96547576552,-72064.05547737124,-14427.15914454098,-14385.323071267063,-14383.48172026077,-21016.908780911643
50%,-14688.732987628966,-61556.369913393704,-70285.89338281636,-14187.779196343106,-14153.701280982643,-14153.701280982643,-20721.955225798687
75%,-14509.168695798064,-60183.29146761402,-68891.53000673575,-13826.38208838588,-13803.987040774355,-13803.987040774355,-20150.686742183483
max,-14286.246491293396,-56912.40700516153,-64827.58906354995,-13572.148438339122,-13555.131575839121,-13555.131575839121,-19485.402957905702
